[{"model": "admin.logentry", "pk": 1, "fields": {"action_time": "2024-10-12T14:42:51.479Z", "user": 1, "content_type": 10, "object_id": "7", "object_repr": "carlosmartinez", "action_flag": 2, "change_message": "[{\"changed\": {\"fields\": [\"Username\"]}}]"}}, {"model": "admin.logentry", "pk": 2, "fields": {"action_time": "2024-10-12T14:43:00.966Z", "user": 1, "content_type": 10, "object_id": "6", "object_repr": "analopez", "action_flag": 2, "change_message": "[{\"changed\": {\"fields\": [\"Username\"]}}]"}}, {"model": "admin.logentry", "pk": 3, "fields": {"action_time": "2024-10-12T14:43:14.293Z", "user": 1, "content_type": 10, "object_id": "3", "object_repr": "mairag.arcia", "action_flag": 2, "change_message": "[{\"changed\": {\"fields\": [\"Username\"]}}]"}}, {"model": "admin.logentry", "pk": 4, "fields": {"action_time": "2024-10-12T14:43:37.175Z", "user": 1, "content_type": 10, "object_id": "3", "object_repr": "maria.garcia", "action_flag": 2, "change_message": "[{\"changed\": {\"fields\": [\"Username\"]}}]"}}, {"model": "admin.logentry", "pk": 5, "fields": {"action_time": "2024-10-12T14:43:44.895Z", "user": 1, "content_type": 10, "object_id": "7", "object_repr": "carlos.martinez", "action_flag": 2, "change_message": "[{\"changed\": {\"fields\": [\"Username\"]}}]"}}, {"model": "admin.logentry", "pk": 6, "fields": {"action_time": "2024-10-12T14:43:52.559Z", "user": 1, "content_type": 10, "object_id": "6", "object_repr": "ana.lopez", "action_flag": 2, "change_message": "[{\"changed\": {\"fields\": [\"Username\"]}}]"}}, {"model": "admin.logentry", "pk": 7, "fields": {"action_time": "2024-10-12T14:44:00.030Z", "user": 1, "content_type": 10, "object_id": "2", "object_repr": "juan.perez", "action_flag": 2, "change_message": "[{\"changed\": {\"fields\": [\"Username\"]}}]"}}, {"model": "admin.logentry", "pk": 8, "fields": {"action_time": "2024-10-13T09:09:28.680Z", "user": 1, "content_type": 17, "object_id": "1", "object_repr": "María García", "action_flag": 2, "change_message": "[{\"changed\": {\"fields\": [\"First name\", \"Last name\", \"Department\"]}}]"}}, {"model": "admin.logentry", "pk": 9, "fields": {"action_time": "2024-10-13T09:10:12.383Z", "user": 1, "content_type": 14, "object_id": "1", "object_repr": "Juan Pérez", "action_flag": 2, "change_message": "[{\"changed\": {\"fields\": [\"Last name\", \"Course\"]}}]"}}, {"model": "admin.logentry", "pk": 10, "fields": {"action_time": "2024-10-13T09:10:24.862Z", "user": 1, "content_type": 11, "object_id": "1", "object_repr": "Ana López", "action_flag": 2, "change_message": "[{\"changed\": {\"fields\": [\"Last name\"]}}]"}}, {"model": "admin.logentry", "pk": 11, "fields": {"action_time": "2024-10-13T09:10:41.275Z", "user": 1, "content_type": 8, "object_id": "1", "object_repr": "Matemáticas", "action_flag": 2, "change_message": "[{\"changed\": {\"fields\": [\"Name\"]}}]"}}, {"model": "admin.logentry", "pk": 12, "fields": {"action_time": "2024-10-13T09:10:48.276Z", "user": 1, "content_type": 12, "object_id": "1", "object_repr": "2023-2024 - 4 ºA - Instituto Central", "action_flag": 2, "change_message": "[{\"changed\": {\"fields\": [\"Course number\"]}}]"}}, {"model": "admin.logentry", "pk": 13, "fields": {"action_time": "2024-10-13T09:11:14.103Z", "user": 1, "content_type": 9, "object_id": "1", "object_repr": "Carlos Martínez", "action_flag": 2, "change_message": "[{\"changed\": {\"fields\": [\"Last name\"]}}]"}}, {"model": "admin.logentry", "pk": 14, "fields": {"action_time": "2024-10-13T09:34:49.447Z", "user": 1, "content_type": 10, "object_id": "8", "object_repr": "antonio.soto", "action_flag": 3, "change_message": ""}}, {"model": "admin.logentry", "pk": 15, "fields": {"action_time": "2024-10-13T09:50:10.857Z", "user": 1, "content_type": 10, "object_id": "9", "object_repr": "antonio.soto", "action_flag": 3, "change_message": ""}}, {"model": "admin.logentry", "pk": 16, "fields": {"action_time": "2024-10-13T10:28:37.295Z", "user": 1, "content_type": 22, "object_id": "1", "object_repr": "google", "action_flag": 1, "change_message": "[{\"added\": {}}]"}}, {"model": "admin.logentry", "pk": 17, "fields": {"action_time": "2024-10-13T11:10:47.968Z", "user": 1, "content_type": 22, "object_id": "1", "object_repr": "google", "action_flag": 3, "change_message": ""}}, {"model": "admin.logentry", "pk": 18, "fields": {"action_time": "2024-10-13T11:16:46.355Z", "user": 1, "content_type": 22, "object_id": "2", "object_repr": "google", "action_flag": 1, "change_message": "[{\"added\": {}}]"}}, {"model": "auth.permission", "pk": 1, "fields": {"name": "Can add log entry", "content_type": 1, "codename": "add_logentry"}}, {"model": "auth.permission", "pk": 2, "fields": {"name": "Can change log entry", "content_type": 1, "codename": "change_logentry"}}, {"model": "auth.permission", "pk": 3, "fields": {"name": "Can delete log entry", "content_type": 1, "codename": "delete_logentry"}}, {"model": "auth.permission", "pk": 4, "fields": {"name": "Can view log entry", "content_type": 1, "codename": "view_logentry"}}, {"model": "auth.permission", "pk": 5, "fields": {"name": "Can add permission", "content_type": 2, "codename": "add_permission"}}, {"model": "auth.permission", "pk": 6, "fields": {"name": "Can change permission", "content_type": 2, "codename": "change_permission"}}, {"model": "auth.permission", "pk": 7, "fields": {"name": "Can delete permission", "content_type": 2, "codename": "delete_permission"}}, {"model": "auth.permission", "pk": 8, "fields": {"name": "Can view permission", "content_type": 2, "codename": "view_permission"}}, {"model": "auth.permission", "pk": 9, "fields": {"name": "Can add group", "content_type": 3, "codename": "add_group"}}, {"model": "auth.permission", "pk": 10, "fields": {"name": "Can change group", "content_type": 3, "codename": "change_group"}}, {"model": "auth.permission", "pk": 11, "fields": {"name": "Can delete group", "content_type": 3, "codename": "delete_group"}}, {"model": "auth.permission", "pk": 12, "fields": {"name": "Can view group", "content_type": 3, "codename": "view_group"}}, {"model": "auth.permission", "pk": 13, "fields": {"name": "Can add content type", "content_type": 4, "codename": "add_contenttype"}}, {"model": "auth.permission", "pk": 14, "fields": {"name": "Can change content type", "content_type": 4, "codename": "change_contenttype"}}, {"model": "auth.permission", "pk": 15, "fields": {"name": "Can delete content type", "content_type": 4, "codename": "delete_contenttype"}}, {"model": "auth.permission", "pk": 16, "fields": {"name": "Can view content type", "content_type": 4, "codename": "view_contenttype"}}, {"model": "auth.permission", "pk": 17, "fields": {"name": "Can add session", "content_type": 5, "codename": "add_session"}}, {"model": "auth.permission", "pk": 18, "fields": {"name": "Can change session", "content_type": 5, "codename": "change_session"}}, {"model": "auth.permission", "pk": 19, "fields": {"name": "Can delete session", "content_type": 5, "codename": "delete_session"}}, {"model": "auth.permission", "pk": 20, "fields": {"name": "Can view session", "content_type": 5, "codename": "view_session"}}, {"model": "auth.permission", "pk": 21, "fields": {"name": "Can add center", "content_type": 6, "codename": "add_center"}}, {"model": "auth.permission", "pk": 22, "fields": {"name": "Can change center", "content_type": 6, "codename": "change_center"}}, {"model": "auth.permission", "pk": 23, "fields": {"name": "Can delete center", "content_type": 6, "codename": "delete_center"}}, {"model": "auth.permission", "pk": 24, "fields": {"name": "Can view center", "content_type": 6, "codename": "view_center"}}, {"model": "auth.permission", "pk": 25, "fields": {"name": "Can add evaluation", "content_type": 7, "codename": "add_evaluation"}}, {"model": "auth.permission", "pk": 26, "fields": {"name": "Can change evaluation", "content_type": 7, "codename": "change_evaluation"}}, {"model": "auth.permission", "pk": 27, "fields": {"name": "Can delete evaluation", "content_type": 7, "codename": "delete_evaluation"}}, {"model": "auth.permission", "pk": 28, "fields": {"name": "Can view evaluation", "content_type": 7, "codename": "view_evaluation"}}, {"model": "auth.permission", "pk": 29, "fields": {"name": "Can add subject", "content_type": 8, "codename": "add_subject"}}, {"model": "auth.permission", "pk": 30, "fields": {"name": "Can change subject", "content_type": 8, "codename": "change_subject"}}, {"model": "auth.permission", "pk": 31, "fields": {"name": "Can delete subject", "content_type": 8, "codename": "delete_subject"}}, {"model": "auth.permission", "pk": 32, "fields": {"name": "Can view subject", "content_type": 8, "codename": "view_subject"}}, {"model": "auth.permission", "pk": 33, "fields": {"name": "Can add super admin", "content_type": 9, "codename": "add_superadmin"}}, {"model": "auth.permission", "pk": 34, "fields": {"name": "Can change super admin", "content_type": 9, "codename": "change_superadmin"}}, {"model": "auth.permission", "pk": 35, "fields": {"name": "Can delete super admin", "content_type": 9, "codename": "delete_superadmin"}}, {"model": "auth.permission", "pk": 36, "fields": {"name": "Can view super admin", "content_type": 9, "codename": "view_superadmin"}}, {"model": "auth.permission", "pk": 37, "fields": {"name": "Can add user", "content_type": 10, "codename": "add_personuser"}}, {"model": "auth.permission", "pk": 38, "fields": {"name": "Can change user", "content_type": 10, "codename": "change_personuser"}}, {"model": "auth.permission", "pk": 39, "fields": {"name": "Can delete user", "content_type": 10, "codename": "delete_personuser"}}, {"model": "auth.permission", "pk": 40, "fields": {"name": "Can view user", "content_type": 10, "codename": "view_personuser"}}, {"model": "auth.permission", "pk": 41, "fields": {"name": "Can add center admin", "content_type": 11, "codename": "add_centeradmin"}}, {"model": "auth.permission", "pk": 42, "fields": {"name": "Can change center admin", "content_type": 11, "codename": "change_centeradmin"}}, {"model": "auth.permission", "pk": 43, "fields": {"name": "Can delete center admin", "content_type": 11, "codename": "delete_centeradmin"}}, {"model": "auth.permission", "pk": 44, "fields": {"name": "Can view center admin", "content_type": 11, "codename": "view_centeradmin"}}, {"model": "auth.permission", "pk": 45, "fields": {"name": "Can add group", "content_type": 12, "codename": "add_group"}}, {"model": "auth.permission", "pk": 46, "fields": {"name": "Can change group", "content_type": 12, "codename": "change_group"}}, {"model": "auth.permission", "pk": 47, "fields": {"name": "Can delete group", "content_type": 12, "codename": "delete_group"}}, {"model": "auth.permission", "pk": 48, "fields": {"name": "Can view group", "content_type": 12, "codename": "view_group"}}, {"model": "auth.permission", "pk": 49, "fields": {"name": "Can add schedule", "content_type": 13, "codename": "add_schedule"}}, {"model": "auth.permission", "pk": 50, "fields": {"name": "Can change schedule", "content_type": 13, "codename": "change_schedule"}}, {"model": "auth.permission", "pk": 51, "fields": {"name": "Can delete schedule", "content_type": 13, "codename": "delete_schedule"}}, {"model": "auth.permission", "pk": 52, "fields": {"name": "Can view schedule", "content_type": 13, "codename": "view_schedule"}}, {"model": "auth.permission", "pk": 53, "fields": {"name": "Can add student", "content_type": 14, "codename": "add_student"}}, {"model": "auth.permission", "pk": 54, "fields": {"name": "Can change student", "content_type": 14, "codename": "change_student"}}, {"model": "auth.permission", "pk": 55, "fields": {"name": "Can delete student", "content_type": 14, "codename": "delete_student"}}, {"model": "auth.permission", "pk": 56, "fields": {"name": "Can view student", "content_type": 14, "codename": "view_student"}}, {"model": "auth.permission", "pk": 57, "fields": {"name": "Can add attendance", "content_type": 15, "codename": "add_attendance"}}, {"model": "auth.permission", "pk": 58, "fields": {"name": "Can change attendance", "content_type": 15, "codename": "change_attendance"}}, {"model": "auth.permission", "pk": 59, "fields": {"name": "Can delete attendance", "content_type": 15, "codename": "delete_attendance"}}, {"model": "auth.permission", "pk": 60, "fields": {"name": "Can view attendance", "content_type": 15, "codename": "view_attendance"}}, {"model": "auth.permission", "pk": 61, "fields": {"name": "Can add grade", "content_type": 16, "codename": "add_grade"}}, {"model": "auth.permission", "pk": 62, "fields": {"name": "Can change grade", "content_type": 16, "codename": "change_grade"}}, {"model": "auth.permission", "pk": 63, "fields": {"name": "Can delete grade", "content_type": 16, "codename": "delete_grade"}}, {"model": "auth.permission", "pk": 64, "fields": {"name": "Can view grade", "content_type": 16, "codename": "view_grade"}}, {"model": "auth.permission", "pk": 65, "fields": {"name": "Can add teacher", "content_type": 17, "codename": "add_teacher"}}, {"model": "auth.permission", "pk": 66, "fields": {"name": "Can change teacher", "content_type": 17, "codename": "change_teacher"}}, {"model": "auth.permission", "pk": 67, "fields": {"name": "Can delete teacher", "content_type": 17, "codename": "delete_teacher"}}, {"model": "auth.permission", "pk": 68, "fields": {"name": "Can view teacher", "content_type": 17, "codename": "view_teacher"}}, {"model": "auth.permission", "pk": 69, "fields": {"name": "Can add site", "content_type": 18, "codename": "add_site"}}, {"model": "auth.permission", "pk": 70, "fields": {"name": "Can change site", "content_type": 18, "codename": "change_site"}}, {"model": "auth.permission", "pk": 71, "fields": {"name": "Can delete site", "content_type": 18, "codename": "delete_site"}}, {"model": "auth.permission", "pk": 72, "fields": {"name": "Can view site", "content_type": 18, "codename": "view_site"}}, {"model": "auth.permission", "pk": 73, "fields": {"name": "Can add email address", "content_type": 19, "codename": "add_emailaddress"}}, {"model": "auth.permission", "pk": 74, "fields": {"name": "Can change email address", "content_type": 19, "codename": "change_emailaddress"}}, {"model": "auth.permission", "pk": 75, "fields": {"name": "Can delete email address", "content_type": 19, "codename": "delete_emailaddress"}}, {"model": "auth.permission", "pk": 76, "fields": {"name": "Can view email address", "content_type": 19, "codename": "view_emailaddress"}}, {"model": "auth.permission", "pk": 77, "fields": {"name": "Can add email confirmation", "content_type": 20, "codename": "add_emailconfirmation"}}, {"model": "auth.permission", "pk": 78, "fields": {"name": "Can change email confirmation", "content_type": 20, "codename": "change_emailconfirmation"}}, {"model": "auth.permission", "pk": 79, "fields": {"name": "Can delete email confirmation", "content_type": 20, "codename": "delete_emailconfirmation"}}, {"model": "auth.permission", "pk": 80, "fields": {"name": "Can view email confirmation", "content_type": 20, "codename": "view_emailconfirmation"}}, {"model": "auth.permission", "pk": 81, "fields": {"name": "Can add social account", "content_type": 21, "codename": "add_socialaccount"}}, {"model": "auth.permission", "pk": 82, "fields": {"name": "Can change social account", "content_type": 21, "codename": "change_socialaccount"}}, {"model": "auth.permission", "pk": 83, "fields": {"name": "Can delete social account", "content_type": 21, "codename": "delete_socialaccount"}}, {"model": "auth.permission", "pk": 84, "fields": {"name": "Can view social account", "content_type": 21, "codename": "view_socialaccount"}}, {"model": "auth.permission", "pk": 85, "fields": {"name": "Can add social application", "content_type": 22, "codename": "add_socialapp"}}, {"model": "auth.permission", "pk": 86, "fields": {"name": "Can change social application", "content_type": 22, "codename": "change_socialapp"}}, {"model": "auth.permission", "pk": 87, "fields": {"name": "Can delete social application", "content_type": 22, "codename": "delete_socialapp"}}, {"model": "auth.permission", "pk": 88, "fields": {"name": "Can view social application", "content_type": 22, "codename": "view_socialapp"}}, {"model": "auth.permission", "pk": 89, "fields": {"name": "Can add social application token", "content_type": 23, "codename": "add_socialtoken"}}, {"model": "auth.permission", "pk": 90, "fields": {"name": "Can change social application token", "content_type": 23, "codename": "change_socialtoken"}}, {"model": "auth.permission", "pk": 91, "fields": {"name": "Can delete social application token", "content_type": 23, "codename": "delete_socialtoken"}}, {"model": "auth.permission", "pk": 92, "fields": {"name": "Can view social application token", "content_type": 23, "codename": "view_socialtoken"}}, {"model": "contenttypes.contenttype", "pk": 1, "fields": {"app_label": "admin", "model": "logentry"}}, {"model": "contenttypes.contenttype", "pk": 2, "fields": {"app_label": "auth", "model": "permission"}}, {"model": "contenttypes.contenttype", "pk": 3, "fields": {"app_label": "auth", "model": "group"}}, {"model": "contenttypes.contenttype", "pk": 4, "fields": {"app_label": "contenttypes", "model": "contenttype"}}, {"model": "contenttypes.contenttype", "pk": 5, "fields": {"app_label": "sessions", "model": "session"}}, {"model": "contenttypes.contenttype", "pk": 6, "fields": {"app_label": "scholarium_main", "model": "center"}}, {"model": "contenttypes.contenttype", "pk": 7, "fields": {"app_label": "scholarium_main", "model": "evaluation"}}, {"model": "contenttypes.contenttype", "pk": 8, "fields": {"app_label": "scholarium_main", "model": "subject"}}, {"model": "contenttypes.contenttype", "pk": 9, "fields": {"app_label": "scholarium_main", "model": "superadmin"}}, {"model": "contenttypes.contenttype", "pk": 10, "fields": {"app_label": "scholarium_main", "model": "personuser"}}, {"model": "contenttypes.contenttype", "pk": 11, "fields": {"app_label": "scholarium_main", "model": "centeradmin"}}, {"model": "contenttypes.contenttype", "pk": 12, "fields": {"app_label": "scholarium_main", "model": "group"}}, {"model": "contenttypes.contenttype", "pk": 13, "fields": {"app_label": "scholarium_main", "model": "schedule"}}, {"model": "contenttypes.contenttype", "pk": 14, "fields": {"app_label": "scholarium_main", "model": "student"}}, {"model": "contenttypes.contenttype", "pk": 15, "fields": {"app_label": "scholarium_main", "model": "attendance"}}, {"model": "contenttypes.contenttype", "pk": 16, "fields": {"app_label": "scholarium_main", "model": "grade"}}, {"model": "contenttypes.contenttype", "pk": 17, "fields": {"app_label": "scholarium_main", "model": "teacher"}}, {"model": "contenttypes.contenttype", "pk": 18, "fields": {"app_label": "sites", "model": "site"}}, {"model": "contenttypes.contenttype", "pk": 19, "fields": {"app_label": "account", "model": "emailaddress"}}, {"model": "contenttypes.contenttype", "pk": 20, "fields": {"app_label": "account", "model": "emailconfirmation"}}, {"model": "contenttypes.contenttype", "pk": 21, "fields": {"app_label": "socialaccount", "model": "socialaccount"}}, {"model": "contenttypes.contenttype", "pk": 22, "fields": {"app_label": "socialaccount", "model": "socialapp"}}, {"model": "contenttypes.contenttype", "pk": 23, "fields": {"app_label": "socialaccount", "model": "socialtoken"}}, {"model": "sessions.session", "pk": "a5fuwhm8axk110vyn8j8zw3m53s70s21", "fields": {"session_data": ".eJxtkN1qwzAMhd9F16H0J5DNrzKG0Rw1EXXsINvtQsi7T8myjsGufGR96BxpBnQulpAtltxTyOwwcwx2oNzHNoF5m-Fbg4ERU3pEaaECzGBOzfmlqevmdDzU9eX1VJ8rKIkk4EBKDyiMhw7FMcLyXj2tfOw4gJk32I43ZS86kgZkb-8kfN1TbENCiznKpEDiLpQRzBV9ogqEWhZy2RbxYELxfp_xU6w8ent7oHTp-Zkx02quoqO0qi2P_Zisi-3WUkfUd6mgV3tPunuWQlpv6Sa72_yS2nJFRA-omf9Aa4sDZ1bb1v5_NkVsopTWw9PnyLqtOS5fTP2OWA:1szdTC:rSUl5gPWsVYEERRUD6sto9HUyayFLRDsDQ6AVLHHl9w", "expire_date": "2024-10-26T14:51:50.450Z"}}, {"model": "sessions.session", "pk": "bne01wkk3yhp3qfhclymg5wewh1p8f83", "fields": {"session_data": ".eJxVjDsOwjAQBe_iGln2-ruU9JzBstdrEkCJFCcV4u4QKQW0b2beS6S8rUPaOi9prOIstDj9biXTg6cd1HuebrOkeVqXschdkQft8jpXfl4O9-9gyH341oa0QgvctEFoaBQ6R6XZUD0yeWUtxEbgUFdN3nkGiAgRmgnWcGDx_gC93jbM:1szdK8:ET9vstgkR6yKhC4w-12-GWa5_p13yBYJSwZFg_q3Ycg", "expire_date": "2024-10-26T14:42:28.491Z"}}, {"model": "sessions.session", "pk": "cog6mneu11ywr9nc9i32gl9p6tf6ho70", "fields": {"session_data": ".eJxVjDsOwjAQBe_iGln2-ruU9JzBstdrEkCJFCcV4u4QKQW0b2beS6S8rUPaOi9prOIstDj9biXTg6cd1HuebrOkeVqXschdkQft8jpXfl4O9-9gyH341oa0QgvctEFoaBQ6R6XZUD0yeWUtxEbgUFdN3nkGiAgRmgnWcGDx_gC93jbM:1szdPu:lzZ3D2tKDmMKzzxTEMFXJiQm_wxcMr4J0mzDiRsDFlU", "expire_date": "2024-10-26T14:48:26.169Z"}}, {"model": "sessions.session", "pk": "e3qli42pt0pndm8s79cwlb5mzrukzvvk", "fields": {"session_data": ".eJxVjEEOwiAQRe_C2hChDBSX7nsGMgyDVA0kpV0Z765NutDtf-_9lwi4rSVsnZcwJ3ERSpx-t4j04LqDdMd6a5JaXZc5yl2RB-1yaomf18P9OyjYy7cmsmeDnkH7MWqnGJAdDeB9Bjdka6LRzio2WbvRaMKcM8SEMREQoxLvD-MAOJ8:1t0GwG:53QFTrh0jNQ1_KvMYvWvhRevTx-bLdukZCT-SwD2J4k", "expire_date": "2024-10-28T09:00:28.021Z"}}, {"model": "sessions.session", "pk": "f6krnh6b4b5a0z8wwgjpof6qt7f0fxe9", "fields": {"session_data": ".eJxVjDsOwjAQBe_iGln2-ruU9JzBstdrEkCJFCcV4u4QKQW0b2beS6S8rUPaOi9prOIstDj9biXTg6cd1HuebrOkeVqXschdkQft8jpXfl4O9-9gyH341oa0QgvctEFoaBQ6R6XZUD0yeWUtxEbgUFdN3nkGiAgRmgnWcGDx_gC93jbM:1szcF1:70Iy_PTIjg8pHoQ6o2JF-MSzRnvCubT_dANoyrCyq7I", "expire_date": "2024-10-26T13:33:07.157Z"}}, {"model": "sessions.session", "pk": "gpxka97bextqm8reqzs4i32smxkuu9s0", "fields": {"session_data": ".eJxVjEEOwiAQRe_C2hChDBSX7nsGMgyDVA0kpV0Z765NutDtf-_9lwi4rSVsnZcwJ3ERSpx-t4j04LqDdMd6a5JaXZc5yl2RB-1yaomf18P9OyjYy7cmsmeDnkH7MWqnGJAdDeB9Bjdka6LRzio2WbvRaMKcM8SEMREQoxLvD-MAOJ8:1sze2q:fVYeMxhESA8avrKbY9nmklWld4sNJxiXoTQJ4OUq-_s", "expire_date": "2024-10-26T15:28:40.616Z"}}, {"model": "sessions.session", "pk": "lgfpqtxu8py5nfx9nzgvyxqwanixwjde", "fields": {"session_data": ".eJxVjEEOwiAQRe_C2hChDBSX7nsGMgyDVA0kpV0Z765NutDtf-_9lwi4rSVsnZcwJ3ERSpx-t4j04LqDdMd6a5JaXZc5yl2RB-1yaomf18P9OyjYy7cmsmeDnkH7MWqnGJAdDeB9Bjdka6LRzio2WbvRaMKcM8SEMREQoxLvD-MAOJ8:1t028a:54_gtE-VZJ8pILH2gOORN4zVvQlhOWM2KuyKo7vxLX0", "expire_date": "2024-10-27T17:12:12.872Z"}}, {"model": "sessions.session", "pk": "x9xos4x3zpri9l7d1xfjs06ikee7pmc5", "fields": {"session_data": ".eJxVkM1ugzAQhN9lzwi5YDBwrNRDVeXQS1WpitDaLMENsZHXtE2jvHshP4feVjuz82nnBOyNxRGN8bOLLUeMxNCc4PgkNs-y59f3t5L5RUPzcYIpeEO86DD6nXWQQIcRoXHzOCYw7Q21xnfUflGwvaVwVc7Jg8qqqhBK5KmSeV1n23MCdybOcSAXrcFovWsPFAff8YV3nRfchMzfPnQLESM097xcpaUqlChkAjNTcHigxW0wjJ7TA4ZoHf3CeZvABdOuptauiQr-7TSaPblV6D7R7XxqvIvB6nS1pDeV083y3fh48_4LGJCH5Tozoqjyqlao6koJWWuBOpMmE1qLEkVXdyRzLCT1pSx7XckK-1LnmSpMVtIllJeK1yboZ7LhCI04_wHl5ozO:1t053J:98FRMp_rlYKVkQl0NLJqPXGG0qrdikLX5SxD-dmS5HI", "expire_date": "2024-10-27T20:18:57.701Z"}}, {"model": "scholarium_main.center", "pk": 1, "fields": {"name": "Instituto Central", "address": "Calle Principal 123"}}, {"model": "scholarium_main.center", "pk": 2, "fields": {"name": "mm", "address": "direccion"}}, {"model": "scholarium_main.group", "pk": 1, "fields": {"center": 1, "school_year": "2023-2024", "course_number": "4 º", "letter": "A"}}, {"model": "scholarium_main.student", "pk": 1, "fields": {"first_name": "Juan", "last_name": "Pérez", "date_of_birth": "2005-05-15", "enrollment_number": "S12345", "group": 1}}, {"model": "scholarium_main.student", "pk": 2, "fields": {"first_name": "María", "last_name": "Pérez", "date_of_birth": "2024-10-09", "enrollment_number": "765", "group": 1}}, {"model": "scholarium_main.student", "pk": 3, "fields": {"first_name": "María", "last_name": "Pérez", "date_of_birth": "2024-10-09", "enrollment_number": "76k", "group": 1}}, {"model": "scholarium_main.student", "pk": 4, "fields": {"first_name": "María", "last_name": "Pérez", "date_of_birth": "2024-10-09", "enrollment_number": "76ks", "group": 1}}, {"model": "scholarium_main.student", "pk": 5, "fields": {"first_name": "María", "last_name": "Pérez", "date_of_birth": "2024-10-09", "enrollment_number": "76ksg", "group": 1}}, {"model": "scholarium_main.student", "pk": 6, "fields": {"first_name": "María", "last_name": "Pérez", "date_of_birth": "2024-10-09", "enrollment_number": "76ksgf", "group": 1}}, {"model": "scholarium_main.student", "pk": 7, "fields": {"first_name": "María", "last_name": "Pérez", "date_of_birth": "2024-10-09", "enrollment_number": "76ksgfddddddddd", "group": 1}}, {"model": "scholarium_main.student", "pk": 8, "fields": {"first_name": "María", "last_name": "Pérez", "date_of_birth": "2024-10-09", "enrollment_number": "76ksgfddddddddds", "group": 1}}, {"model": "scholarium_main.student", "pk": 9, "fields": {"first_name": "María", "last_name": "Pérez", "date_of_birth": "2024-10-09", "enrollment_number": "76ksgfdddddddddsg", "group": 1}}, {"model": "scholarium_main.student", "pk": 10, "fields": {"first_name": "María", "last_name": "Pérez", "date_of_birth": "2024-10-09", "enrollment_number": "76ksgfdddddddddsgpp", "group": 1}}, {"model": "scholarium_main.teacher", "pk": 1, "fields": {"first_name": "María", "last_name": "García", "date_of_birth": "1980-08-20", "employee_number": "T67890", "department": "Matemáticas", "center": 1}}, {"model": "scholarium_main.centeradmin", "pk": 1, "fields": {"first_name": "Ana", "last_name": "López", "date_of_birth": "1975-03-10", "employee_number": "A11223", "office": "Oficina Principal", "center": 1}}, {"model": "scholarium_main.superadmin", "pk": 1, "fields": {"first_name": "Carlos", "last_name": "Martínez", "date_of_birth": "1970-01-25", "employee_number": "SA44556", "special_permissions": "Todos los permisos"}}, {"model": "scholarium_main.subject", "pk": 1, "fields": {"name": "Matemáticas", "code": "MATH101"}}, {"model": "scholarium_main.subject", "pk": 2, "fields": {"name": "Ciencias", "code": "SCI101"}}, {"model": "scholarium_main.schedule", "pk": 1, "fields": {"group": 1, "teacher": 1, "subject": 1, "day_of_week": "Lunes", "start_time": "09:00:00", "end_time": "10:00:00"}}, {"model": "scholarium_main.schedule", "pk": 2, "fields": {"group": 1, "teacher": 1, "subject": 2, "day_of_week": "Lunes", "start_time": "23:29:00", "end_time": "01:31:00"}}, {"model": "scholarium_main.attendance", "pk": 1, "fields": {"student": 1, "schedule": 1, "date": "2023-09-01", "present": true}}, {"model": "scholarium_main.evaluation", "pk": 1, "fields": {"name": "Inicial", "date": "2023-09-15"}}, {"model": "scholarium_main.evaluation", "pk": 2, "fields": {"name": "Primera", "date": "2023-11-15"}}, {"model": "scholarium_main.evaluation", "pk": 3, "fields": {"name": "Segunda", "date": "2024-02-15"}}, {"model": "scholarium_main.evaluation", "pk": 4, "fields": {"name": "Tercera", "date": "2024-05-15"}}, {"model": "scholarium_main.grade", "pk": 1, "fields": {"student": 1, "subject": 1, "evaluation": 1, "grade": "Suficiente"}}, {"model": "scholarium_main.grade", "pk": 2, "fields": {"student": 1, "subject": 1, "evaluation": 2, "grade": "Notable"}}, {"model": "scholarium_main.grade", "pk": 3, "fields": {"student": 1, "subject": 1, "evaluation": 3, "grade": "Bien"}}, {"model": "scholarium_main.grade", "pk": 4, "fields": {"student": 1, "subject": 1, "evaluation": 4, "grade": "Sobresaliente"}}, {"model": "scholarium_main.personuser", "pk": 1, "fields": {"password": "pbkdf2_sha256$870000$8x0oOTVNyUZfMFbINfGIyI$3GtwFl86GrAJbEa+9BZkvoSqp6etw9A71k5t55CF5r8=", "last_login": "2024-10-14T09:00:28.014Z", "is_superuser": true, "username": "root", "first_name": "", "last_name": "", "email": "", "is_staff": true, "is_active": true, "date_joined": "2024-10-12T13:32:59.198Z", "content_type": null, "object_id": null, "groups": [], "user_permissions": []}}, {"model": "scholarium_main.personuser", "pk": 2, "fields": {"password": "pbkdf2_sha256$870000$G8CrubWd7pkplYRfb38o4f$gtrISvg/aA+fU2hPP0OGLyWzv7os2mULAggrdDqBlEM=", "last_login": "2024-10-12T16:59:23.965Z", "is_superuser": false, "username": "juan.perez", "first_name": "", "last_name": "", "email": "juan.perez@example.com", "is_staff": false, "is_active": true, "date_joined": "2024-10-12T13:45:47Z", "content_type": 14, "object_id": 1, "groups": [], "user_permissions": []}}, {"model": "scholarium_main.personuser", "pk": 3, "fields": {"password": "pbkdf2_sha256$870000$NhcwskdhQ93EG55KdTlhMh$r9m5T8zjdmi3c44KvUvCJ52NwcojzynXSfD9pjKBS2o=", "last_login": "2024-10-12T16:57:42.296Z", "is_superuser": false, "username": "maria.garcia", "first_name": "", "last_name": "", "email": "maria.garcia@example.com", "is_staff": false, "is_active": true, "date_joined": "2024-10-12T13:45:48Z", "content_type": 17, "object_id": 1, "groups": [], "user_permissions": []}}, {"model": "scholarium_main.personuser", "pk": 6, "fields": {"password": "pbkdf2_sha256$870000$sonCXZAG6KAkimvMikbCeC$BiGN+yvN9080A4w4HBgaCXY4Y+UH93wTQLDKYUyVUMM=", "last_login": null, "is_superuser": false, "username": "ana.lopez", "first_name": "", "last_name": "", "email": "ana.lopez@example.com", "is_staff": false, "is_active": true, "date_joined": "2024-10-12T13:46:19Z", "content_type": 11, "object_id": 1, "groups": [], "user_permissions": []}}, {"model": "scholarium_main.personuser", "pk": 7, "fields": {"password": "pbkdf2_sha256$870000$9aW0a2DTCTmYpuyZjSmfHf$WUHXNJijwEnaKidRCd+G9lnFVFQMw0XyDZAsO6ZchJE=", "last_login": "2024-10-14T08:35:12.264Z", "is_superuser": false, "username": "carlos.martinez", "first_name": "", "last_name": "", "email": "carlos.martinez@example.com", "is_staff": false, "is_active": true, "date_joined": "2024-10-12T13:46:28Z", "content_type": 9, "object_id": 1, "groups": [], "user_permissions": []}}, {"model": "scholarium_main.personuser", "pk": 10, "fields": {"password": "pbkdf2_sha256$870000$yYY5oh17QqyAGbcAz9c64B$kXmhQ+U0EX8Ypz6xh7ZCnV37E7AfMZaTqQe3vxw9wWk=", "last_login": "2024-10-13T11:17:36.994Z", "is_superuser": false, "username": "antonio.soto", "first_name": "", "last_name": "", "email": "asotocid01@gmail.com", "is_staff": false, "is_active": true, "date_joined": "2024-10-13T09:50:52.820Z", "content_type": null, "object_id": null, "groups": [], "user_permissions": []}}, {"model": "scholarium_main.personuser", "pk": 11, "fields": {"password": "pbkdf2_sha256$870000$o9CYMRYcO7JpgLqYPdAFEk$oVnf+48d/l5UCKMqcaSJo6+e9tAsWg2uXlNT7O/tDdc=", "last_login": "2024-10-13T10:35:36.301Z", "is_superuser": false, "username": "ssssssssssss", "first_name": "", "last_name": "", "email": "paco@example.com", "is_staff": false, "is_active": true, "date_joined": "2024-10-13T10:35:35.491Z", "content_type": null, "object_id": null, "groups": [], "user_permissions": []}}, {"model": "scholarium_main.personuser", "pk": 12, "fields": {"password": "pbkdf2_sha256$870000$EguTkej6bINWf2rFvfObZi$BXR6AH4Y9ckVgoAPmUHJITEeGA6k40Xf+it0Rs9Q6Js=", "last_login": null, "is_superuser": false, "username": "admin", "first_name": "", "last_name": "", "email": "paco@example.com", "is_staff": false, "is_active": true, "date_joined": "2024-10-13T18:26:51.699Z", "content_type": 17, "object_id": 1, "groups": [], "user_permissions": []}}, {"model": "scholarium_main.personuser", "pk": 13, "fields": {"password": "pbkdf2_sha256$870000$Rdpe6pxblku0CNCAvBVDvl$rrL3KOMqL9PM3fI788cLMGLbLMC243SKLJHmRk/myto=", "last_login": null, "is_superuser": false, "username": "adfffff", "first_name": "", "last_name": "", "email": "paco@example.com", "is_staff": false, "is_active": true, "date_joined": "2024-10-14T08:44:13.914Z", "content_type": 14, "object_id": 9, "groups": [], "user_permissions": []}}, {"model": "sites.site", "pk": 1, "fields": {"domain": "example.com", "name": "example.com"}}, {"model": "account.emailaddress", "pk": 1, "fields": {"user": 2, "email": "juan.perez@example.com", "verified": false, "primary": false}}, {"model": "account.emailaddress", "pk": 2, "fields": {"user": 3, "email": "maria.garcia@example.com", "verified": false, "primary": false}}, {"model": "account.emailaddress", "pk": 4, "fields": {"user": 10, "email": "asotocid01@gmail.com", "verified": false, "primary": true}}, {"model": "account.emailaddress", "pk": 5, "fields": {"user": 11, "email": "paco@example.com", "verified": false, "primary": true}}, {"model": "socialaccount.socialapp", "pk": 2, "fields": {"provider": "google", "provider_id": "", "name": "google", "client_id": "315017500681-q2vapee4p87lmdrk6h90qgesnhtmenj3.apps.googleusercontent.com", "secret": "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", "key": "", "settings": {}, "sites": [1]}}, {"model": "socialaccount.socialaccount", "pk": 1, "fields": {"user": 10, "provider": "google", "uid": "105596509034935151606", "last_login": "2024-10-13T11:19:46.834Z", "date_joined": "2024-10-13T11:19:46.834Z", "extra_data": {"iss": "https://accounts.google.com", "azp": "315017500681-q2vapee4p87lmdrk6h90qgesnhtmenj3.apps.googleusercontent.com", "aud": "315017500681-q2vapee4p87lmdrk6h90qgesnhtmenj3.apps.googleusercontent.com", "sub": "105596509034935151606", "email": "asotocid@gmail.com", "email_verified": true, "at_hash": "joxfFYXGthP49uc0lvmuBw", "name": "Antonio Soto", "picture": "https://lh3.googleusercontent.com/a/ACg8ocLy6cA94zCn082jTplAIj2uy3IS8vAVJR-1YXTJ6eq9hqJ5vA=s96-c", "given_name": "Antonio", "family_name": "Soto", "iat": 1728818386, "exp": 1728821986}}}]